{
  "hash": "c53d22fd",
  "configHash": "398edd6b",
  "lockfileHash": "abb8db2d",
  "browserHash": "d51dcfe4",
  "optimized": {
    "@angular/common": {
      "src": "../../../../../../node_modules/@angular/common/fesm2022/common.mjs",
      "file": "@angular_common.js",
      "fileHash": "133b103e",
      "needsInterop": false
    },
    "@angular/core": {
      "src": "../../../../../../node_modules/@angular/core/fesm2022/core.mjs",
      "file": "@angular_core.js",
      "fileHash": "1e74cfd7",
      "needsInterop": false
    },
    "@angular/platform-browser": {
      "src": "../../../../../../node_modules/@angular/platform-browser/fesm2022/platform-browser.mjs",
      "file": "@angular_platform-browser.js",
      "fileHash": "b7c769e2",
      "needsInterop": false
    },
    "@angular/platform-server/init": {
      "src": "../../../../../../node_modules/@angular/platform-server/fesm2022/init.mjs",
      "file": "@angular_platform-server_init.js",
      "fileHash": "2217b412",
      "needsInterop": false
    },
    "@angular/router": {
      "src": "../../../../../../node_modules/@angular/router/fesm2022/router.mjs",
      "file": "@angular_router.js",
      "fileHash": "aa56812f",
      "needsInterop": false
    },
    "@angular/ssr": {
      "src": "../../../../../../node_modules/@angular/ssr/fesm2022/ssr.mjs",
      "file": "@angular_ssr.js",
      "fileHash": "12235dc7",
      "needsInterop": false
    },
    "@angular/ssr/node": {
      "src": "../../../../../../node_modules/@angular/ssr/fesm2022/node.mjs",
      "file": "@angular_ssr_node.js",
      "fileHash": "fbf69bd5",
      "needsInterop": false
    },
    "express": {
      "src": "../../../../../../node_modules/express/index.js",
      "file": "express.js",
      "fileHash": "66a3d3fe",
      "needsInterop": true
    }
  },
  "chunks": {
    "xhr2-E5RTESSH": {
      "file": "xhr2-E5RTESSH.js"
    },
    "chunk-PT5N4OLM": {
      "file": "chunk-PT5N4OLM.js"
    },
    "chunk-UGLSG5DW": {
      "file": "chunk-UGLSG5DW.js"
    },
    "chunk-YHPUN5RE": {
      "file": "chunk-YHPUN5RE.js"
    },
    "chunk-O7YENXPC": {
      "file": "chunk-O7YENXPC.js"
    },
    "chunk-65RRJSLW": {
      "file": "chunk-65RRJSLW.js"
    },
    "chunk-6DU2HRTW": {
      "file": "chunk-6DU2HRTW.js"
    }
  }
}