{
  "hash": "75b4521c",
  "configHash": "1a6e74bb",
  "lockfileHash": "abb8db2d",
  "browserHash": "9d85159a",
  "optimized": {
    "@angular/common": {
      "src": "../../../../../../node_modules/@angular/common/fesm2022/common.mjs",
      "file": "@angular_common.js",
      "fileHash": "aab94a43",
      "needsInterop": false
    },
    "@angular/core": {
      "src": "../../../../../../node_modules/@angular/core/fesm2022/core.mjs",
      "file": "@angular_core.js",
      "fileHash": "a85a1c88",
      "needsInterop": false
    },
    "@angular/platform-browser": {
      "src": "../../../../../../node_modules/@angular/platform-browser/fesm2022/platform-browser.mjs",
      "file": "@angular_platform-browser.js",
      "fileHash": "b40e9aa6",
      "needsInterop": false
    },
    "@angular/router": {
      "src": "../../../../../../node_modules/@angular/router/fesm2022/router.mjs",
      "file": "@angular_router.js",
      "fileHash": "f3f612ac",
      "needsInterop": false
    }
  },
  "chunks": {
    "chunk-TNWNIWNE": {
      "file": "chunk-TNWNIWNE.js"
    },
    "chunk-ZYI3A3AN": {
      "file": "chunk-ZYI3A3AN.js"
    },
    "chunk-RO37OISA": {
      "file": "chunk-RO37OISA.js"
    }
  }
}